doc_id,file_path,title,source_url,retrieved_at,document_version,license_or_permission,cleaning_version
uit-news-3-tuan-tao-ra-11-tua-game-sinh-vien-uit-buoc-dau-cham-den-uoc-mo,data/landing/news/3-tuan-tao-ra-11-tua-game-sinh-vien-uit-buoc-dau-cham-den-uoc-mo.md,3 tuần tạo ra 11 tựa game - Sinh viên UIT bước đầu chạm đến ước mơ,https://www.uit.edu.vn/bai-viet/3-tuan-tao-ra-11-tua-game-sinh-vien-uit-buoc-dau-cham-den-uoc-mo,2026-08-04,not-stated,public-page,markitdown-v1
uit-news-4-talk-show-dang-mong-cho-trong-thang-052026,data/landing/news/4-talk-show-dang-mong-cho-trong-thang-052026.md,4 Talk Show đáng mong chờ trong tháng 05/2026,https://www.uit.edu.vn/bai-viet/4-talk-show-dang-mong-cho-trong-thang-052026,2026-08-04,not-stated,public-page,markitdown-v1
uit-news-buoi-tu-van-tuyen-sinh-chuong-trinh-dao-tao-trinh-do-thac-si-truong-dai-hoc-cong-nghe-thong-tin-dot-1-nam-2026,data/landing/news/buoi-tu-van-tuyen-sinh-chuong-trinh-dao-tao-trinh-do-thac-si-truong-dai-hoc-cong-nghe-thong-tin-dot-1-nam-2026.md,Buổi tư vấn tuyển sinh chương trình đào tạo trình độ Thạc sĩ Trường Đại học Công nghệ Thông tin đợt 1 năm 2026,https://www.uit.edu.vn/bai-viet/buoi-tu-van-tuyen-sinh-chuong-trinh-dao-tao-trinh-do-thac-si-truong-dai-hoc-cong-nghe-thong-tin-dot-1-nam-2026,2026-08-04,not-stated,public-page,markitdown-v1
uit-news-chao-mung-pgsts-chung-tse-michael-wu-den-voi-truong-dai-hoc-cong-nghe-thong-tin-mo-rong-ket-noi-hoc-thuat-voi-dai-hoc-quoc-gia-dai-loan,data/landing/news/chao-mung-pgsts-chung-tse-michael-wu-den-voi-truong-dai-hoc-cong-nghe-thong-tin-mo-rong-ket-noi-hoc-thuat-voi-dai-hoc-quoc-gia-dai-loan.md,Chào mừng PGS.TS. Chung-Tse Michael Wu đến với Trường Đại học Công nghệ Thông tin: Mở rộng kết nối học thuật với Đại học Quốc gia Đài Loan,https://www.uit.edu.vn/bai-viet/chao-mung-pgsts-chung-tse-michael-wu-den-voi-truong-dai-hoc-cong-nghe-thong-tin-mo-rong-ket-noi-hoc-thuat-voi-dai-hoc-quoc-gia-dai-loan,2026-08-04,not-stated,public-page,markitdown-v1
uit-news-chinh-thuc-cong-bo-ket-qua-xet-tuyen-thang-truong-dai-hoc-cong-nghe-thong-tin-dhqg-hcm-nam-2026,data/landing/news/chinh-thuc-cong-bo-ket-qua-xet-tuyen-thang-truong-dai-hoc-cong-nghe-thong-tin-dhqg-hcm-nam-2026.md,"Chính thức công bố kết quả xét tuyển thẳng Trường Đại học Công nghệ Thông tin, ĐHQG-HCM năm 2026",https://www.uit.edu.vn/bai-viet/chinh-thuc-cong-bo-ket-qua-xet-tuyen-thang-truong-dai-hoc-cong-nghe-thong-tin-dhqg-hcm-nam-2026,2026-08-04,not-stated,public-page,markitdown-v1
uit-news-chinh-thuc-goi-ten-quan-quan-thu-linh-sinh-vien-uit-2026-luong-nhat-anh,data/landing/news/chinh-thuc-goi-ten-quan-quan-thu-linh-sinh-vien-uit-2026-luong-nhat-anh.md,Chính thức gọi tên Quán quân Thủ Lĩnh Sinh Viên UIT 2026 - Lương Nhật Anh,https://www.uit.edu.vn/bai-viet/chinh-thuc-goi-ten-quan-quan-thu-linh-sinh-vien-uit-2026-luong-nhat-anh,2026-08-04,not-stated,public-page,markitdown-v1
uit-news-chuc-mung-dong-chi-le-diem-quynh-nhu-tro-thanh-dai-bieu-chinh-thuc-tham-du-dai-hoi-dai-bieu-toan-quoc-doan-tncs-ho-chi-minh-lan-thu-xiii,data/landing/news/chuc-mung-dong-chi-le-diem-quynh-nhu-tro-thanh-dai-bieu-chinh-thuc-tham-du-dai-hoi-dai-bieu-toan-quoc-doan-tncs-ho-chi-minh-lan-thu-xiii.md,Chúc mừng đồng chí Lê Diễm Quỳnh Như trở thành Đại biểu chính thức tham dự Đại hội Đại biểu toàn quốc Đoàn TNCS Hồ Chí Minh lần thứ XIII,https://www.uit.edu.vn/bai-viet/chuc-mung-dong-chi-le-diem-quynh-nhu-tro-thanh-dai-bieu-chinh-thuc-tham-du-dai-hoi-dai-bieu-toan-quoc-doan-tncs-ho-chi-minh-lan-thu-xiii,2026-08-04,not-stated,public-page,markitdown-v1
uit-news-chuc-mung-hoi-sinh-vien-uit-la-don-vi-hoan-thanh-xuat-sac-nhiem-vu-trong-cong-tac-hoi-va-phong-trao-sinh-vien-thanh-pho-ho-chi-minh-nam-hoc-2025-2026,data/landing/news/chuc-mung-hoi-sinh-vien-uit-la-don-vi-hoan-thanh-xuat-sac-nhiem-vu-trong-cong-tac-hoi-va-phong-trao-sinh-vien-thanh-pho-ho-chi-minh-nam-hoc-2025-2026.md,Chúc mừng Hội Sinh viên UIT là Đơn vị Hoàn thành xuất sắc nhiệm vụ trong công tác Hội và phong trào sinh viên Thành phố Hồ Chí Minh năm học 2025 - 2026,https://www.uit.edu.vn/bai-viet/chuc-mung-hoi-sinh-vien-uit-la-don-vi-hoan-thanh-xuat-sac-nhiem-vu-trong-cong-tac-hoi-va-phong-trao-sinh-vien-thanh-pho-ho-chi-minh-nam-hoc-2025-2026,2026-08-04,not-stated,public-page,markitdown-v1
uit-news-chuc-mung-tan-ky-su-tan-cu-nhan-nhan-quyet-dinh-tot-nghiep-dot-1-nam-2026,data/landing/news/chuc-mung-tan-ky-su-tan-cu-nhan-nhan-quyet-dinh-tot-nghiep-dot-1-nam-2026.md,"Chúc mừng tân kỹ sư, tân cử nhân nhận quyết định tốt nghiệp đợt 1 năm 2026",https://www.uit.edu.vn/bai-viet/chuc-mung-tan-ky-su-tan-cu-nhan-nhan-quyet-dinh-tot-nghiep-dot-1-nam-2026,2026-08-04,not-stated,public-page,markitdown-v1
uit-news-chuong-trinh-hop-mat-tri-an-gia-dinh-vc-nld-thuoc-dien-chinh-sach-nguoi-co-cong-voi-cach-mang,data/landing/news/chuong-trinh-hop-mat-tri-an-gia-dinh-vc-nld-thuoc-dien-chinh-sach-nguoi-co-cong-voi-cach-mang.md,"CHƯƠNG TRÌNH HỌP MẶT TRI ÂN GIA ĐÌNH VC-NLĐ THUỘC DIỆN CHÍNH SÁCH, NGƯỜI CÓ CÔNG VỚI CÁCH MẠNG",https://www.uit.edu.vn/bai-viet/chuong-trinh-hop-mat-tri-an-gia-dinh-vc-nld-thuoc-dien-chinh-sach-nguoi-co-cong-voi-cach-mang,2026-08-04,not-stated,public-page,markitdown-v1
uit-news-chuong-trinh-tuyen-dung-ky-su-nvidia-dot-2-nam-2026,data/landing/news/chuong-trinh-tuyen-dung-ky-su-nvidia-dot-2-nam-2026.md,Chương trình tuyển dụng kỹ sư NVIDIA – Đợt 2 năm 2026,https://www.uit.edu.vn/bai-viet/chuong-trinh-tuyen-dung-ky-su-nvidia-dot-2-nam-2026,2026-08-04,not-stated,public-page,markitdown-v1
uit-news-chuong-trinh-vnu350-dhqg-hcm-tuyen-dung-167-chi-tieu-trong-nam-2026,data/landing/news/chuong-trinh-vnu350-dhqg-hcm-tuyen-dung-167-chi-tieu-trong-nam-2026.md,Chương trình VNU350: ĐHQG-HCM tuyển dụng 167 chỉ tiêu trong năm 2026,https://www.uit.edu.vn/bai-viet/chuong-trinh-vnu350-dhqg-hcm-tuyen-dung-167-chi-tieu-trong-nam-2026,2026-08-04,not-stated,public-page,markitdown-v1
uit-news-co-hoi-gap-go-dien-gia-roblox-va-vnggames-tai-uit-truong-dai-hoc-cong-nghe-thong-tin-dhqg-hcm,data/landing/news/co-hoi-gap-go-dien-gia-roblox-va-vnggames-tai-uit-truong-dai-hoc-cong-nghe-thong-tin-dhqg-hcm.md,Cơ hội gặp gỡ diễn giả Roblox và VNGGames tại UIT Trường Đại học Công nghệ Thông tin - ĐHQG-HCM,https://www.uit.edu.vn/bai-viet/co-hoi-gap-go-dien-gia-roblox-va-vnggames-tai-uit-truong-dai-hoc-cong-nghe-thong-tin-dhqg-hcm,2026-08-04,not-stated,public-page,markitdown-v1
uit-news-cong-doan-truong-dai-hoc-cong-nghe-thong-tin-to-chuc-trao-hoc-bong-nguyen-duc-canh-va-hoc-bong-khuyen-khich-hoc-tap-nam-hoc-2025-2026,data/landing/news/cong-doan-truong-dai-hoc-cong-nghe-thong-tin-to-chuc-trao-hoc-bong-nguyen-duc-canh-va-hoc-bong-khuyen-khich-hoc-tap-nam-hoc-2025-2026.md,Công đoàn Trường Đại học Công nghệ Thông tin tổ chức trao học bổng Nguyễn Đức Cảnh và học bổng khuyến khích học tập năm học 2025 - 2026,https://www.uit.edu.vn/bai-viet/cong-doan-truong-dai-hoc-cong-nghe-thong-tin-to-chuc-trao-hoc-bong-nguyen-duc-canh-va-hoc-bong-khuyen-khich-hoc-tap-nam-hoc-2025-2026,2026-08-04,not-stated,public-page,markitdown-v1
uit-news-cuu-sinh-vien-uit-nguyen-quoc-binh-hanh-trinh-chinh-phuc-nhung-tap-doan-cong-nghe-hang-dau-the-gioi,data/landing/news/cuu-sinh-vien-uit-nguyen-quoc-binh-hanh-trinh-chinh-phuc-nhung-tap-doan-cong-nghe-hang-dau-the-gioi.md,Cựu sinh viên UIT Nguyễn Quốc Bình - Hành trình chinh phục những tập đoàn công nghệ hàng đầu thế giới,https://www.uit.edu.vn/bai-viet/cuu-sinh-vien-uit-nguyen-quoc-binh-hanh-trinh-chinh-phuc-nhung-tap-doan-cong-nghe-hang-dau-the-gioi,2026-08-04,not-stated,public-page,markitdown-v1
uit-news-dang-bo-truong-dai-hoc-cong-nghe-thong-tin-to-chuc-hoi-nghi-dang-vien-lan-1-nam-2026,data/landing/news/dang-bo-truong-dai-hoc-cong-nghe-thong-tin-to-chuc-hoi-nghi-dang-vien-lan-1-nam-2026.md,Đảng bộ Trường Đại học Công nghệ Thông tin tổ chức Hội nghị Đảng viên lần 1 năm 2026,https://www.uit.edu.vn/bai-viet/dang-bo-truong-dai-hoc-cong-nghe-thong-tin-to-chuc-hoi-nghi-dang-vien-lan-1-nam-2026,2026-08-04,not-stated,public-page,markitdown-v1
uit-news-danhgianangluc2026-thi-sinh-luu-y-khi-tham-du-ky-thi-danh-gia-nang-luc-2026-tai-uit,data/landing/news/danhgianangluc2026-thi-sinh-luu-y-khi-tham-du-ky-thi-danh-gia-nang-luc-2026-tai-uit.md,#DanhGiaNangLuc2026 Thí sinh lưu ý khi tham dự kỳ thi Đánh giá năng lực 2026 tại UIT,https://www.uit.edu.vn/bai-viet/danhgianangluc2026-thi-sinh-luu-y-khi-tham-du-ky-thi-danh-gia-nang-luc-2026-tai-uit,2026-08-04,not-stated,public-page,markitdown-v1
uit-news-dhqg-hcm-tiep-tuc-thuoc-nhom-801-850-dai-hoc-hang-dau-the-gioi-theo-qs-world-university-rankings-2027,data/landing/news/dhqg-hcm-tiep-tuc-thuoc-nhom-801-850-dai-hoc-hang-dau-the-gioi-theo-qs-world-university-rankings-2027.md,ĐHQG-HCM tiếp tục thuộc nhóm 801-850 đại học hàng đầu thế giới theo QS World University Rankings 2027,https://www.uit.edu.vn/bai-viet/dhqg-hcm-tiep-tuc-thuoc-nhom-801-850-dai-hoc-hang-dau-the-gioi-theo-qs-world-university-rankings-2027,2026-08-04,not-stated,public-page,markitdown-v1
uit-news-doan-cong-tac-viettel-tham-quan-asic-lab-tai-uit,data/landing/news/doan-cong-tac-viettel-tham-quan-asic-lab-tai-uit.md,Đoàn công tác Viettel tham quan ASIC Lab tại UIT,https://www.uit.edu.vn/bai-viet/doan-cong-tac-viettel-tham-quan-asic-lab-tai-uit,2026-08-04,not-stated,public-page,markitdown-v1
uit-news-giai-bong-chuyen-hoi-trong-hoi-thao-cong-doan,data/landing/news/giai-bong-chuyen-hoi-trong-hoi-thao-cong-doan.md,Giải Bóng chuyền hơi trong Hội thao Công đoàn,https://www.uit.edu.vn/bai-viet/giai-bong-chuyen-hoi-trong-hoi-thao-cong-doan,2026-08-04,not-stated,public-page,markitdown-v1
uit-news-giao-su-fabien-ferrero-den-tham-va-lam-viec-tai-uit,data/landing/news/giao-su-fabien-ferrero-den-tham-va-lam-viec-tai-uit.md,Giáo sư Fabien Ferrero đến thăm và làm việc tại UIT,https://www.uit.edu.vn/bai-viet/giao-su-fabien-ferrero-den-tham-va-lam-viec-tai-uit,2026-08-04,not-stated,public-page,markitdown-v1
uit-news-gs-stefan-fischer-giao-su-thinh-giang-dong-hanh-cung-uit-trong-cac-hoat-dong-hoc-thuat-va-nghien-cuu,data/landing/news/gs-stefan-fischer-giao-su-thinh-giang-dong-hanh-cung-uit-trong-cac-hoat-dong-hoc-thuat-va-nghien-cuu.md,GS. Stefan Fischer: Giáo sư thỉnh giảng đồng hành cùng UIT trong các hoạt động học thuật và nghiên cứu,https://www.uit.edu.vn/bai-viet/gs-stefan-fischer-giao-su-thinh-giang-dong-hanh-cung-uit-trong-cac-hoat-dong-hoc-thuat-va-nghien-cuu,2026-08-04,not-stated,public-page,markitdown-v1
uit-news-hanh-trinh-but-pha-tai-uit-cua-nu-thu-khoa-truong-nguyen-ngoc-minh,data/landing/news/hanh-trinh-but-pha-tai-uit-cua-nu-thu-khoa-truong-nguyen-ngoc-minh.md,Hành trình bứt phá tại UIT của nữ thủ khoa Trương Nguyễn Ngọc Minh,https://www.uit.edu.vn/bai-viet/hanh-trinh-but-pha-tai-uit-cua-nu-thu-khoa-truong-nguyen-ngoc-minh,2026-08-04,not-stated,public-page,markitdown-v1
uit-news-hanh-trinh-do-nghien-cuu-hoc-tap-cua-thanh-nien-viet-nam-dau-chan-lich-su-tai-con-minh-trung-quoc,data/landing/news/hanh-trinh-do-nghien-cuu-hoc-tap-cua-thanh-nien-viet-nam-dau-chan-lich-su-tai-con-minh-trung-quoc.md,"Hành trình đỏ nghiên cứu, học tập của Thanh niên Việt Nam: Dấu chân lịch sử tại Côn Minh, Trung Quốc",https://www.uit.edu.vn/bai-viet/hanh-trinh-do-nghien-cuu-hoc-tap-cua-thanh-nien-viet-nam-dau-chan-lich-su-tai-con-minh-trung-quoc,2026-08-04,not-stated,public-page,markitdown-v1
uit-news-health-talk-tai-truong-dai-hoc-cong-nghe-thong-tin-chu-dong-phong-chong-dot-quy-trong-loi-song-tinh-tai,data/landing/news/health-talk-tai-truong-dai-hoc-cong-nghe-thong-tin-chu-dong-phong-chong-dot-quy-trong-loi-song-tinh-tai.md,HEALTH TALK TẠI TRƯỜNG ĐẠI HỌC CÔNG NGHỆ THÔNG TIN: CHỦ ĐỘNG PHÒNG CHỐNG ĐỘT QUỴ TRONG LỐI SỐNG TĨNH TẠI,https://www.uit.edu.vn/bai-viet/health-talk-tai-truong-dai-hoc-cong-nghe-thong-tin-chu-dong-phong-chong-dot-quy-trong-loi-song-tinh-tai,2026-08-04,not-stated,public-page,markitdown-v1
uit-news-hn-sv-khmt-2025-2026,data/landing/news/hn-sv-khmt-2025-2026.md,Hội nghị Sinh viên Khoa Khoa học Máy tính năm học 2025 – 2026,https://www.uit.edu.vn/bai-viet/HN-SV-KHMT-2025-2026,2026-08-04,not-stated,public-page,markitdown-v1
uit-news-hoc-vien-cao-hoc-university-of-calgary-tim-hieu-moi-truong-hoc-tap-nghien-cuu-tai-uit,data/landing/news/hoc-vien-cao-hoc-university-of-calgary-tim-hieu-moi-truong-hoc-tap-nghien-cuu-tai-uit.md,"Học viên cao học University of Calgary tìm hiểu môi trường học tập, nghiên cứu tại UIT",https://www.uit.edu.vn/bai-viet/hoc-vien-cao-hoc-university-of-calgary-tim-hieu-moi-truong-hoc-tap-nghien-cuu-tai-uit,2026-08-04,not-stated,public-page,markitdown-v1
uit-news-hoi-nghi-mapr-2026,data/landing/news/hoi-nghi-mapr-2026.md,Hội nghị MAPR 2026,https://www.uit.edu.vn/bai-viet/hoi-nghi-mapr-2026,2026-08-04,not-stated,public-page,markitdown-v1
uit-news-hoi-nghi-ra-soat-danh-gia-5-nam-cong-tac-khao-sat-2021-2025-tai-uit-khang-dinh-tinh-than-cai-tien-lien-tuc-lay-nguoi-hoc-lam-trung-tam,data/landing/news/hoi-nghi-ra-soat-danh-gia-5-nam-cong-tac-khao-sat-2021-2025-tai-uit-khang-dinh-tinh-than-cai-tien-lien-tuc-lay-nguoi-hoc-lam-trung-tam.md,"Hội nghị rà soát, đánh giá 5 năm công tác khảo sát (2021 – 2025) tại UIT: Khẳng định tinh thần cải tiến liên tục, lấy người học làm trung tâm",https://www.uit.edu.vn/bai-viet/hoi-nghi-ra-soat-danh-gia-5-nam-cong-tac-khao-sat-2021-2025-tai-uit-khang-dinh-tinh-than-cai-tien-lien-tuc-lay-nguoi-hoc-lam-trung-tam,2026-08-04,not-stated,public-page,markitdown-v1
uit-news-hoi-nghi-sinh-vien-khoa-cong-nghe-phan-mem-nam-hoc-2025-2026,data/landing/news/hoi-nghi-sinh-vien-khoa-cong-nghe-phan-mem-nam-hoc-2025-2026.md,Hội nghị Sinh viên Khoa Công nghệ Phần mềm năm học 2025 – 2026,https://www.uit.edu.vn/bai-viet/hoi-nghi-sinh-vien-khoa-cong-nghe-phan-mem-nam-hoc-2025-2026,2026-08-04,not-stated,public-page,markitdown-v1
uit-news-hoi-nghi-sinh-vien-khoa-he-thong-thong-tin-nam-hoc-2025-2026,data/landing/news/hoi-nghi-sinh-vien-khoa-he-thong-thong-tin-nam-hoc-2025-2026.md,Hội nghị Sinh viên Khoa Hệ thống Thông tin năm học 2025 – 2026,https://www.uit.edu.vn/bai-viet/hoi-nghi-sinh-vien-khoa-he-thong-thong-tin-nam-hoc-2025-2026,2026-08-04,not-stated,public-page,markitdown-v1
uit-news-hoi-nghi-sinh-vien-khoa-khkttt,data/landing/news/hoi-nghi-sinh-vien-khoa-khkttt.md,Hội nghị Sinh viên Khoa Khoa học và Kỹ thuật Thông tin năm học 2025 – 2026,https://www.uit.edu.vn/bai-viet/hoi-nghi-sinh-vien-khoa-khkttt,2026-08-04,not-stated,public-page,markitdown-v1
uit-news-hoi-nghi-sinh-vien-khoa-ky-thuat-may-tinh-nam-hoc-2025-2026,data/landing/news/hoi-nghi-sinh-vien-khoa-ky-thuat-may-tinh-nam-hoc-2025-2026.md,Hội nghị Sinh viên Khoa Kỹ thuật Máy tính năm học 2025 – 2026,https://www.uit.edu.vn/bai-viet/hoi-nghi-sinh-vien-khoa-ky-thuat-may-tinh-nam-hoc-2025-2026,2026-08-04,not-stated,public-page,markitdown-v1
uit-news-hoi-nghi-sinh-vien-khoa-mang-may-tinh-va-truyen-thong-nam-hoc-2025-2026,data/landing/news/hoi-nghi-sinh-vien-khoa-mang-may-tinh-va-truyen-thong-nam-hoc-2025-2026.md,Hội nghị Sinh viên Khoa Mạng máy tính và Truyền thông năm học 2025 – 2026,https://www.uit.edu.vn/bai-viet/hoi-nghi-sinh-vien-khoa-mang-may-tinh-va-truyen-thong-nam-hoc-2025-2026,2026-08-04,not-stated,public-page,markitdown-v1
uit-news-hoi-thao-chao-mung-ngay-khoa-hoc-cong-nghe-va-doi-moi-sang-tao-viet-nam-nam-2026,data/landing/news/hoi-thao-chao-mung-ngay-khoa-hoc-cong-nghe-va-doi-moi-sang-tao-viet-nam-nam-2026.md,"Hội thao chào mừng ngày Khoa học, Công nghệ và Đổi mới sáng tạo Việt Nam năm 2026",https://www.uit.edu.vn/bai-viet/hoi-thao-chao-mung-ngay-khoa-hoc-cong-nghe-va-doi-moi-sang-tao-viet-nam-nam-2026,2026-08-04,not-stated,public-page,markitdown-v1
uit-news-hon-2800-co-hoi-viec-lam-tai-uit-job-fair-2026-cua-truong-dh-cong-nghe-thong-tin,data/landing/news/hon-2800-co-hoi-viec-lam-tai-uit-job-fair-2026-cua-truong-dh-cong-nghe-thong-tin.md,Hơn 2.800 cơ hội việc làm tại UIT Job Fair 2026 của Trường ĐH Công nghệ Thông tin,https://www.uit.edu.vn/bai-viet/hon-2800-co-hoi-viec-lam-tai-uit-job-fair-2026-cua-truong-dh-cong-nghe-thong-tin,2026-08-04,not-stated,public-page,markitdown-v1
uit-news-hop-tac-3-nha-thuc-day-dao-tao-nghien-cuu-va-ung-dung-cong-nghe-trong-y-te-vai-tro-ket-noi-lien-nganh-cua-truong-dai-hoc-cong-nghe-thong-tin,data/landing/news/hop-tac-3-nha-thuc-day-dao-tao-nghien-cuu-va-ung-dung-cong-nghe-trong-y-te-vai-tro-ket-noi-lien-nganh-cua-truong-dai-hoc-cong-nghe-thong-tin.md,"Hợp tác “3 nhà” thúc đẩy đào tạo, nghiên cứu và ứng dụng công nghệ trong y tế: Vai trò kết nối liên ngành của Trường Đại học Công nghệ Thông tin",https://www.uit.edu.vn/bai-viet/hop-tac-3-nha-thuc-day-dao-tao-nghien-cuu-va-ung-dung-cong-nghe-trong-y-te-vai-tro-ket-noi-lien-nganh-cua-truong-dai-hoc-cong-nghe-thong-tin,2026-08-04,not-stated,public-page,markitdown-v1
uit-news-ke-hoach-xet-tot-nghiep-dot-02-nam-2026,data/landing/news/ke-hoach-xet-tot-nghiep-dot-02-nam-2026.md,KẾ HOẠCH XÉT TỐT NGHIỆP ĐỢT 02 NĂM 2026,https://www.uit.edu.vn/bai-viet/ke-hoach-xet-tot-nghiep-dot-02-nam-2026,2026-08-04,not-stated,public-page,markitdown-v1
uit-news-ket-noi-van-hoa-qua-am-thuc-hanh-trinh-hoi-nhap-quoc-te-cua-sinh-vien-uit-tai-thai-lan,data/landing/news/ket-noi-van-hoa-qua-am-thuc-hanh-trinh-hoi-nhap-quoc-te-cua-sinh-vien-uit-tai-thai-lan.md,Kết nối văn hóa qua ẩm thực - Hành trình hội nhập quốc tế của sinh viên UIT tại Thái Lan,https://www.uit.edu.vn/bai-viet/ket-noi-van-hoa-qua-am-thuc-hanh-trinh-hoi-nhap-quoc-te-cua-sinh-vien-uit-tai-thai-lan,2026-08-04,not-stated,public-page,markitdown-v1
uit-news-khai-mac-trai-he-uit-english-and-ai-pioneer-camp-nam-2026,data/landing/news/khai-mac-trai-he-uit-english-and-ai-pioneer-camp-nam-2026.md,"Khai mạc trại hè ""UIT English and AI Pioneer Camp"" năm 2026",https://www.uit.edu.vn/bai-viet/khai-mac-trai-he-uit-english-and-ai-pioneer-camp-nam-2026,2026-08-04,not-stated,public-page,markitdown-v1
uit-news-khanh-thanh-khu-san-co-va-tien-sanh-uit-dau-an-moi-trong-hanh-trinh-20-nam-phat-trien,data/landing/news/khanh-thanh-khu-san-co-va-tien-sanh-uit-dau-an-moi-trong-hanh-trinh-20-nam-phat-trien.md,Khánh thành Khu sân cờ và tiền sảnh UIT - Dấu ấn mới trong hành trình 20 năm phát triển,https://www.uit.edu.vn/bai-viet/khanh-thanh-khu-san-co-va-tien-sanh-uit-dau-an-moi-trong-hanh-trinh-20-nam-phat-trien,2026-08-04,not-stated,public-page,markitdown-v1
uit-news-khong-gian-chia-se-uit-khi-ky-vong-vuot-qua-kha-nang-dieu-con-can-la-su-dong-hanh,data/landing/news/khong-gian-chia-se-uit-khi-ky-vong-vuot-qua-kha-nang-dieu-con-can-la-su-dong-hanh.md,Không gian chia sẻ UIT - KHI KỲ VỌNG VƯỢT QUÁ KHẢ NĂNG – ĐIỀU CON CẦN LÀ SỰ ĐỒNG HÀNH,https://www.uit.edu.vn/bai-viet/khong-gian-chia-se-uit-khi-ky-vong-vuot-qua-kha-nang-dieu-con-can-la-su-dong-hanh,2026-08-04,not-stated,public-page,markitdown-v1
uit-news-kiem-thu-bao-mat-hop-dong-thong-minh-dua-tren-tri-tue-nhan-tao-la-de-tai-nghien-cuu-cua-ts-phan-the-duy-duoc-nhan-hoc-bong-sau-tien-si-vinif-2025,data/landing/news/kiem-thu-bao-mat-hop-dong-thong-minh-dua-tren-tri-tue-nhan-tao-la-de-tai-nghien-cuu-cua-ts-phan-the-duy-duoc-nhan-hoc-bong-sau-tien-si-vinif-2025.md,Kiểm thử Bảo mật Hợp đồng Thông minh dựa trên Trí tuệ Nhân tạo là đề tài nghiên cứu của TS. Phan Thế Duy được nhận Học bổng Sau Tiến sĩ VINIF 2025,https://www.uit.edu.vn/bai-viet/kiem-thu-bao-mat-hop-dong-thong-minh-dua-tren-tri-tue-nhan-tao-la-de-tai-nghien-cuu-cua-ts-phan-the-duy-duoc-nhan-hoc-bong-sau-tien-si-vinif-2025,2026-08-04,not-stated,public-page,markitdown-v1
uit-news-ky-niem-136-nam-ngay-sinh-chu-tich-ho-chi-minh-1951890-1952026,data/landing/news/ky-niem-136-nam-ngay-sinh-chu-tich-ho-chi-minh-1951890-1952026.md,KỶ NIỆM 136 NĂM NGÀY SINH CHỦ TỊCH HỒ CHÍ MINH (19/5/1890 – 19/5/2026),https://www.uit.edu.vn/bai-viet/ky-niem-136-nam-ngay-sinh-chu-tich-ho-chi-minh-1951890-1952026,2026-08-04,not-stated,public-page,markitdown-v1
uit-news-le-cong-bo-quyet-dinh-nhan-su-truong-dai-hoc-cong-nghe-thong-tin,data/landing/news/le-cong-bo-quyet-dinh-nhan-su-truong-dai-hoc-cong-nghe-thong-tin.md,Lễ công bố quyết định nhân sự trường Đại học Công nghệ Thông tin,https://www.uit.edu.vn/bai-viet/le-cong-bo-quyet-dinh-nhan-su-truong-dai-hoc-cong-nghe-thong-tin,2026-08-04,not-stated,public-page,markitdown-v1
uit-news-le-cong-bo-va-trao-cac-quyet-dinh-ve-cong-tac-can-bo-dhqg-hcm,data/landing/news/le-cong-bo-va-trao-cac-quyet-dinh-ve-cong-tac-can-bo-dhqg-hcm.md,Lễ công bố và trao các quyết định về công tác cán bộ ĐHQG-HCM,https://www.uit.edu.vn/bai-viet/le-cong-bo-va-trao-cac-quyet-dinh-ve-cong-tac-can-bo-dhqg-hcm,2026-08-04,not-stated,public-page,markitdown-v1
uit-news-le-khanh-thanh-ai-lab-uit-avepoint-cot-moc-chien-luoc-trong-dao-tao-nhan-luc-cong-nghe-toan-cau,data/landing/news/le-khanh-thanh-ai-lab-uit-avepoint-cot-moc-chien-luoc-trong-dao-tao-nhan-luc-cong-nghe-toan-cau.md,Lễ khánh thành AI Lab UIT & AvePoint: Cột mốc chiến lược trong đào tạo nhân lực công nghệ toàn cầu,https://www.uit.edu.vn/bai-viet/le-khanh-thanh-ai-lab-uit-avepoint-cot-moc-chien-luoc-trong-dao-tao-nhan-luc-cong-nghe-toan-cau,2026-08-04,not-stated,public-page,markitdown-v1
uit-news-le-ky-ket-thoa-thuan-hop-tac-giua-uit-va-quy-ho-tro-cong-dong-dinh-thien-ly-lstf,data/landing/news/le-ky-ket-thoa-thuan-hop-tac-giua-uit-va-quy-ho-tro-cong-dong-dinh-thien-ly-lstf.md,Lễ ký kết Thỏa thuận hợp tác giữa UIT và Quỹ Hỗ trợ Cộng đồng Đinh Thiện Lý (LSTF),https://www.uit.edu.vn/bai-viet/le-ky-ket-thoa-thuan-hop-tac-giua-uit-va-quy-ho-tro-cong-dong-dinh-thien-ly-lstf,2026-08-04,not-stated,public-page,markitdown-v1
uit-news-le-ky-niem-20-nam-thanh-lap-truong-dai-hoc-cong-nghe-thong-tin-dhqg-hcm,data/landing/news/le-ky-niem-20-nam-thanh-lap-truong-dai-hoc-cong-nghe-thong-tin-dhqg-hcm.md,"Lễ Kỷ niệm 20 năm thành lập Trường Đại học Công nghệ Thông tin, ĐHQG-HCM",https://www.uit.edu.vn/bai-viet/le-ky-niem-20-nam-thanh-lap-truong-dai-hoc-cong-nghe-thong-tin-dhqg-hcm,2026-08-04,not-stated,public-page,markitdown-v1
uit-news-le-tot-nghiep-dot-1-nam-2026-hay-dam-uoc-mo-va-theo-duoi-nhung-dieu-lon-lao,data/landing/news/le-tot-nghiep-dot-1-nam-2026-hay-dam-uoc-mo-va-theo-duoi-nhung-dieu-lon-lao.md,Lễ tốt nghiệp đợt 1 năm 2026: Hãy dám ước mơ và theo đuổi những điều lớn lao,https://www.uit.edu.vn/bai-viet/le-tot-nghiep-dot-1-nam-2026-hay-dam-uoc-mo-va-theo-duoi-nhung-dieu-lon-lao,2026-08-04,not-stated,public-page,markitdown-v1
uit-news-le-tot-nghiep-dot-1-nam-2026-tiep-tuc-hanh-trinh-hoc-hoi-va-chinh-phuc-nhung-chan-troi-moi,data/landing/news/le-tot-nghiep-dot-1-nam-2026-tiep-tuc-hanh-trinh-hoc-hoi-va-chinh-phuc-nhung-chan-troi-moi.md,Lễ tốt nghiệp đợt 1 năm 2026: Tiếp tục hành trình học hỏi và chinh phục những chân trời mới,https://www.uit.edu.vn/bai-viet/le-tot-nghiep-dot-1-nam-2026-tiep-tuc-hanh-trinh-hoc-hoi-va-chinh-phuc-nhung-chan-troi-moi,2026-08-04,not-stated,public-page,markitdown-v1
uit-news-le-tot-nghiep-dot-1-nam-2026-tu-tin-voi-ban-sac-rieng-vung-buoc-tren-hanh-trinh-moi,data/landing/news/le-tot-nghiep-dot-1-nam-2026-tu-tin-voi-ban-sac-rieng-vung-buoc-tren-hanh-trinh-moi.md,"Lễ tốt nghiệp đợt 1 năm 2026: Tự tin với bản sắc riêng, vững bước trên hành trình mới",https://www.uit.edu.vn/bai-viet/le-tot-nghiep-dot-1-nam-2026-tu-tin-voi-ban-sac-rieng-vung-buoc-tren-hanh-trinh-moi,2026-08-04,not-stated,public-page,markitdown-v1
uit-news-luu-y-danh-cac-thi-sinh-chua-nop-minh-chung-ban-giay-diem-cong-thanh-tich,data/landing/news/luu-y-danh-cac-thi-sinh-chua-nop-minh-chung-ban-giay-diem-cong-thanh-tich.md,Lưu ý dành các thí sinh chưa nộp minh chứng bản giấy điểm cộng thành tích,https://www.uit.edu.vn/bai-viet/luu-y-danh-cac-thi-sinh-chua-nop-minh-chung-ban-giay-diem-cong-thanh-tich,2026-08-04,not-stated,public-page,markitdown-v1
uit-news-ly-phi-lan-tan-ky-su-tri-tue-nhan-tao-thu-linh-sinh-vien-dhqg-hcm-vua-hong-vua-chuyen-tien-phong-hoi-nhap-toan-dien,data/landing/news/ly-phi-lan-tan-ky-su-tri-tue-nhan-tao-thu-linh-sinh-vien-dhqg-hcm-vua-hong-vua-chuyen-tien-phong-hoi-nhap-toan-dien.md,"Lý Phi Lân - Tân kỹ sư Trí tuệ nhân tạo, Thủ lĩnh Sinh viên ĐHQG-HCM “vừa hồng vừa chuyên” tiên phong hội nhập toàn diện",https://www.uit.edu.vn/bai-viet/ly-phi-lan-tan-ky-su-tri-tue-nhan-tao-thu-linh-sinh-vien-dhqg-hcm-vua-hong-vua-chuyen-tien-phong-hoi-nhap-toan-dien,2026-08-04,not-stated,public-page,markitdown-v1
uit-news-mua-he-xanh-uit-2026-ngay-hoi-van-hoa-viet,data/landing/news/mua-he-xanh-uit-2026-ngay-hoi-van-hoa-viet.md,Mùa Hè Xanh UIT 2026: Ngày hội Văn hóa Việt,https://www.uit.edu.vn/bai-viet/mua-he-xanh-uit-2026-ngay-hoi-van-hoa-viet,2026-08-04,not-stated,public-page,markitdown-v1
uit-news-phong-truyen-thong-noi-luu-giu-hanh-trinh-20-nam-hinh-thanh-va-phat-trien-cua-uit,data/landing/news/phong-truyen-thong-noi-luu-giu-hanh-trinh-20-nam-hinh-thanh-va-phat-trien-cua-uit.md,Phòng Truyền thống - Nơi lưu giữ hành trình 20 năm hình thành và phát triển của UIT,https://www.uit.edu.vn/bai-viet/phong-truyen-thong-noi-luu-giu-hanh-trinh-20-nam-hinh-thanh-va-phat-trien-cua-uit,2026-08-04,not-stated,public-page,markitdown-v1
uit-news-ron-rang-khep-lai-giai-pickleball-uit-vinh-danh-nhung-cap-dau-xuat-sac,data/landing/news/ron-rang-khep-lai-giai-pickleball-uit-vinh-danh-nhung-cap-dau-xuat-sac.md,"Rộn ràng khép lại giải Pickleball UIT, vinh danh những cặp đấu xuất sắc",https://www.uit.edu.vn/bai-viet/ron-rang-khep-lai-giai-pickleball-uit-vinh-danh-nhung-cap-dau-xuat-sac,2026-08-04,not-stated,public-page,markitdown-v1
uit-news-ron-rang-le-ket-nap-hoi-vien-hoi-sinh-vien-viet-nam-nam-hoc-2025-2026-tai-uit-hoat-dong-thiet-thuc-huong-den-dai-hoi-dai-bieu-hoi-sinh-vien-viet-nam-truong-dai-hoc-cong-nghe-thong-tin,data/landing/news/ron-rang-le-ket-nap-hoi-vien-hoi-sinh-vien-viet-nam-nam-hoc-2025-2026-tai-uit-hoat-dong-thiet-thuc-huong-den-dai-hoi-dai-bieu-hoi-sinh-vien-viet-nam-truong-dai-hoc-cong-nghe-thong-tin.md,Rộn ràng Lễ kết nạp Hội viên Hội Sinh viên Việt Nam năm học 2025 – 2026 tại UIT  Hoạt động thiết thực hướng đến Đại hội Đại biểu Hội Sinh viên Việt Nam Trường Đại học Công nghệ Thông tin,https://www.uit.edu.vn/bai-viet/ron-rang-le-ket-nap-hoi-vien-hoi-sinh-vien-viet-nam-nam-hoc-2025-2026-tai-uit-hoat-dong-thiet-thuc-huong-den-dai-hoi-dai-bieu-hoi-sinh-vien-viet-nam-truong-dai-hoc-cong-nghe-thong-tin,2026-08-04,not-stated,public-page,markitdown-v1
uit-news-sinh-vien-uit-gianh-giai-nhi-tai-asian-hackathon-for-green-future-2026-voi-giai-phap-cong-nghe-vi-tuong-lai-xanh,data/landing/news/sinh-vien-uit-gianh-giai-nhi-tai-asian-hackathon-for-green-future-2026-voi-giai-phap-cong-nghe-vi-tuong-lai-xanh.md,Sinh viên UIT giành Giải Nhì tại Asian Hackathon for Green Future 2026 với giải pháp công nghệ vì tương lai xanh,https://www.uit.edu.vn/bai-viet/sinh-vien-uit-gianh-giai-nhi-tai-asian-hackathon-for-green-future-2026-voi-giai-phap-cong-nghe-vi-tuong-lai-xanh,2026-08-04,not-stated,public-page,markitdown-v1
uit-news-sinh-vien-uit-hieu-luat-de-lam-dung-nhan-dien-tinh-hinh-toi-pham-te-nan-ma-tuy-tren-dia-ban-tp-hcm-hien-nay,data/landing/news/sinh-vien-uit-hieu-luat-de-lam-dung-nhan-dien-tinh-hinh-toi-pham-te-nan-ma-tuy-tren-dia-ban-tp-hcm-hien-nay.md,"Sinh viên UIT “hiểu luật để làm đúng”: Nhận diện tình hình tội phạm, tệ nạn ma túy trên địa bàn TP. HCM hiện nay",https://www.uit.edu.vn/bai-viet/sinh-vien-uit-hieu-luat-de-lam-dung-nhan-dien-tinh-hinh-toi-pham-te-nan-ma-tuy-tren-dia-ban-tp-hcm-hien-nay,2026-08-04,not-stated,public-page,markitdown-v1
uit-news-sinh-vien-uit-nhiet-huyet-tranh-tai-tai-hoi-thao-sinh-vien-dhqg-hcm-2026,data/landing/news/sinh-vien-uit-nhiet-huyet-tranh-tai-tai-hoi-thao-sinh-vien-dhqg-hcm-2026.md,Sinh viên UIT nhiệt huyết tranh tài tại Hội thao Sinh viên ĐHQG-HCM 2026,https://www.uit.edu.vn/bai-viet/sinh-vien-uit-nhiet-huyet-tranh-tai-tai-hoi-thao-sinh-vien-dhqg-hcm-2026,2026-08-04,not-stated,public-page,markitdown-v1
uit-news-sinh-vien-uit-tich-luy-tri-thuc-kinh-nghiem-trai-nghiem-qua-hanh-trinh-do-tai-trung-quoc,data/landing/news/sinh-vien-uit-tich-luy-tri-thuc-kinh-nghiem-trai-nghiem-qua-hanh-trinh-do-tai-trung-quoc.md,#UITGoGlobal 🌏 Sinh viên UIT tích luỹ tri thức - kinh nghiệm - trải nghiệm qua “Hành trình đỏ” tại Trung Quốc,https://www.uit.edu.vn/bai-viet/sinh-vien-uit-tich-luy-tri-thuc-kinh-nghiem-trai-nghiem-qua-hanh-trinh-do-tai-trung-quoc,2026-08-04,not-stated,public-page,markitdown-v1
uit-news-so-dac-biet-uit-ket-noi-2026-dang-ky-nguyen-vong-sao-cho-dung,data/landing/news/so-dac-biet-uit-ket-noi-2026-dang-ky-nguyen-vong-sao-cho-dung.md,Số đặc biệt UIT Kết Nối 2026: Đăng ký nguyện vọng sao cho đúng?,https://www.uit.edu.vn/bai-viet/so-dac-biet-uit-ket-noi-2026-dang-ky-nguyen-vong-sao-cho-dung,2026-08-04,not-stated,public-page,markitdown-v1
uit-news-tan-thu-khoa-huynh-le-dan-linh-mang-theo-tinh-than-hoc-hoi-tai-uit-vuon-den-nhung-chan-troi-moi,data/landing/news/tan-thu-khoa-huynh-le-dan-linh-mang-theo-tinh-than-hoc-hoi-tai-uit-vuon-den-nhung-chan-troi-moi.md,Tân thủ khoa Huỳnh Lê Đan Linh - Mang theo tinh thần học hỏi tại UIT vươn đến những chân trời mới,https://www.uit.edu.vn/bai-viet/tan-thu-khoa-huynh-le-dan-linh-mang-theo-tinh-than-hoc-hoi-tai-uit-vuon-den-nhung-chan-troi-moi,2026-08-04,not-stated,public-page,markitdown-v1
uit-news-tan-thu-khoa-vo-tran-phi-hanh-trinh-bat-dau-tu-dam-me-tim-loi-giai-cho-nhung-bai-toan-cong-nghe,data/landing/news/tan-thu-khoa-vo-tran-phi-hanh-trinh-bat-dau-tu-dam-me-tim-loi-giai-cho-nhung-bai-toan-cong-nghe.md,Tân thủ khoa Võ Trần Phi - Hành trình bắt đầu từ đam mê tìm lời giải cho những bài toán công nghệ,https://www.uit.edu.vn/bai-viet/tan-thu-khoa-vo-tran-phi-hanh-trinh-bat-dau-tu-dam-me-tim-loi-giai-cho-nhung-bai-toan-cong-nghe,2026-08-04,not-stated,public-page,markitdown-v1
uit-news-tang-cuong-hop-tac-nghien-cuu-va-ket-noi-quoc-te-qua-chuyen-tham-cua-giao-su-fabien-ferrero-tai-uit,data/landing/news/tang-cuong-hop-tac-nghien-cuu-va-ket-noi-quoc-te-qua-chuyen-tham-cua-giao-su-fabien-ferrero-tai-uit.md,Tăng cường hợp tác nghiên cứu và kết nối quốc tế qua chuyến thăm của Giáo sư Fabien Ferrero tại UIT,https://www.uit.edu.vn/bai-viet/tang-cuong-hop-tac-nghien-cuu-va-ket-noi-quoc-te-qua-chuyen-tham-cua-giao-su-fabien-ferrero-tai-uit,2026-08-04,not-stated,public-page,markitdown-v1
uit-news-techfest-uit-2026-kham-pha-the-gioi-cong-nghe-tai-uit,data/landing/news/techfest-uit-2026-kham-pha-the-gioi-cong-nghe-tai-uit.md,TECHFEST UIT 2026 - Khám phá thế giới công nghệ tại UIT,https://www.uit.edu.vn/bai-viet/techfest-uit-2026-kham-pha-the-gioi-cong-nghe-tai-uit,2026-08-04,not-stated,public-page,markitdown-v1
uit-news-techfest-uit-2026-lan-toa-tinh-than-sang-tao-va-doi-moi-cong-nghe-trong-cong-dong-uit-ers,data/landing/news/techfest-uit-2026-lan-toa-tinh-than-sang-tao-va-doi-moi-cong-nghe-trong-cong-dong-uit-ers.md,TECHFEST UIT 2026: Lan tỏa tinh thần sáng tạo và đổi mới công nghệ trong cộng đồng UIT-ers,https://www.uit.edu.vn/bai-viet/techfest-uit-2026-lan-toa-tinh-than-sang-tao-va-doi-moi-cong-nghe-trong-cong-dong-uit-ers,2026-08-04,not-stated,public-page,markitdown-v1
uit-news-thong-bao-thoi-gian-to-chuc-le-tot-nghiep-dot-1-nam-2026,data/landing/news/thong-bao-thoi-gian-to-chuc-le-tot-nghiep-dot-1-nam-2026.md,Thông báo thời gian tổ chức Lễ tốt nghiệp đợt 1 năm 2026,https://www.uit.edu.vn/bai-viet/thong-bao-thoi-gian-to-chuc-le-tot-nghiep-dot-1-nam-2026,2026-08-04,not-stated,public-page,markitdown-v1
uit-news-tong-ket-chuong-trinh-dao-tao-mentor-sinh-vien-mon-se116-hop-tac-uitvng,data/landing/news/tong-ket-chuong-trinh-dao-tao-mentor-sinh-vien-mon-se116-hop-tac-uitvng.md,Tổng kết chương trình đào tạo Mentor sinh viên môn SE116 hợp tác UIT&VNG,https://www.uit.edu.vn/bai-viet/tong-ket-chuong-trinh-dao-tao-mentor-sinh-vien-mon-se116-hop-tac-uitvng,2026-08-04,not-stated,public-page,markitdown-v1
uit-news-trinh-thi-bich-thao-tu-co-gai-gioi-van-den-thu-khoa-nganh-an-toan-thong-tin,data/landing/news/trinh-thi-bich-thao-tu-co-gai-gioi-van-den-thu-khoa-nganh-an-toan-thong-tin.md,Trịnh Thị Bích Thảo: Từ cô gái giỏi Văn đến Thủ khoa ngành An toàn Thông tin,https://www.uit.edu.vn/bai-viet/trinh-thi-bich-thao-tu-co-gai-gioi-van-den-thu-khoa-nganh-an-toan-thong-tin,2026-08-04,not-stated,public-page,markitdown-v1
uit-news-truong-dai-hoc-cong-nghe-thong-tin-bat-tay-voi-cac-doanh-nghiep-dai-loan-mo-rong-co-hoi-dao-tao-va-phat-trien-nhan-luc-ai,data/landing/news/truong-dai-hoc-cong-nghe-thong-tin-bat-tay-voi-cac-doanh-nghiep-dai-loan-mo-rong-co-hoi-dao-tao-va-phat-trien-nhan-luc-ai.md,"Trường Đại học Công nghệ Thông tin bắt tay với các doanh nghiệp Đài Loan, mở rộng cơ hội đào tạo và phát triển nhân lực AI",https://www.uit.edu.vn/bai-viet/truong-dai-hoc-cong-nghe-thong-tin-bat-tay-voi-cac-doanh-nghiep-dai-loan-mo-rong-co-hoi-dao-tao-va-phat-trien-nhan-luc-ai,2026-08-04,not-stated,public-page,markitdown-v1
uit-news-truong-dai-hoc-cong-nghe-thong-tin-co-02-chuong-trinh-dao-tao-duoc-bo-gddt-phe-duyet-tham-gia-de-an-dao-tao-nhan-luc-cong-nghe-cao-linh-vuc-stem,data/landing/news/truong-dai-hoc-cong-nghe-thong-tin-co-02-chuong-trinh-dao-tao-duoc-bo-gddt-phe-duyet-tham-gia-de-an-dao-tao-nhan-luc-cong-nghe-cao-linh-vuc-stem.md,Trường Đại học Công nghệ Thông tin có 02 chương trình đào tạo được Bộ GD&ĐT phê duyệt tham gia đề án Đào tạo nhân lực công nghệ cao lĩnh vực STEM,https://www.uit.edu.vn/bai-viet/truong-dai-hoc-cong-nghe-thong-tin-co-02-chuong-trinh-dao-tao-duoc-bo-gddt-phe-duyet-tham-gia-de-an-dao-tao-nhan-luc-cong-nghe-cao-linh-vuc-stem,2026-08-04,not-stated,public-page,markitdown-v1
uit-news-truong-dai-hoc-cong-nghe-thong-tin-cong-bo-diem-san-xet-tuyen-tong-hop-nam-2026,data/landing/news/truong-dai-hoc-cong-nghe-thong-tin-cong-bo-diem-san-xet-tuyen-tong-hop-nam-2026.md,Trường Đại học Công nghệ Thông tin công bố điểm sàn xét tuyển tổng hợp năm 2026,https://www.uit.edu.vn/bai-viet/truong-dai-hoc-cong-nghe-thong-tin-cong-bo-diem-san-xet-tuyen-tong-hop-nam-2026,2026-08-04,not-stated,public-page,markitdown-v1
uit-news-truong-dai-hoc-cong-nghe-thong-tin-dong-hanh-cung-hoc-sinh-tai-ngay-hoi-tu-van-tuyen-sinh,data/landing/news/truong-dai-hoc-cong-nghe-thong-tin-dong-hanh-cung-hoc-sinh-tai-ngay-hoi-tu-van-tuyen-sinh.md,Trường Đại học Công nghệ Thông tin đồng hành cùng học sinh tại Ngày hội Tư vấn Tuyển sinh,https://www.uit.edu.vn/bai-viet/truong-dai-hoc-cong-nghe-thong-tin-dong-hanh-cung-hoc-sinh-tai-ngay-hoi-tu-van-tuyen-sinh,2026-08-04,not-stated,public-page,markitdown-v1
uit-news-truong-dai-hoc-cong-nghe-thong-tin-nhan-danh-hieu-tap-the-lao-dong-xuat-sac-da-hoan-thanh-xuat-sac-nhiem-vu-nam-2025,data/landing/news/truong-dai-hoc-cong-nghe-thong-tin-nhan-danh-hieu-tap-the-lao-dong-xuat-sac-da-hoan-thanh-xuat-sac-nhiem-vu-nam-2025.md,Trường Đại học Công nghệ Thông tin nhận danh hiệu “Tập thể lao động xuất sắc” năm 2025,https://www.uit.edu.vn/bai-viet/truong-dai-hoc-cong-nghe-thong-tin-nhan-danh-hieu-tap-the-lao-dong-xuat-sac-da-hoan-thanh-xuat-sac-nhiem-vu-nam-2025,2026-08-04,not-stated,public-page,markitdown-v1
uit-news-truong-dai-hoc-cong-nghe-thong-tin-thuc-day-hop-tac-giao-duc-va-mo-rong-co-hoi-hoc-tap-cho-sinh-vien-campuchia,data/landing/news/truong-dai-hoc-cong-nghe-thong-tin-thuc-day-hop-tac-giao-duc-va-mo-rong-co-hoi-hoc-tap-cho-sinh-vien-campuchia.md,Trường Đại học Công nghệ Thông tin thúc đẩy hợp tác giáo dục và mở rộng cơ hội học tập cho sinh viên Campuchia,https://www.uit.edu.vn/bai-viet/truong-dai-hoc-cong-nghe-thong-tin-thuc-day-hop-tac-giao-duc-va-mo-rong-co-hoi-hoc-tap-cho-sinh-vien-campuchia,2026-08-04,not-stated,public-page,markitdown-v1
uit-news-truong-dh-cong-nghe-thong-tin-ky-niem-20-nam-thanh-lap-don-nhan-co-truyen-thong-cua-ubnd-tphcm,data/landing/news/truong-dh-cong-nghe-thong-tin-ky-niem-20-nam-thanh-lap-don-nhan-co-truyen-thong-cua-ubnd-tphcm.md,"Trường ĐH Công nghệ thông tin kỷ niệm 20 năm thành lập, đón nhận Cờ truyền thống của UBND TP.HCM",https://www.uit.edu.vn/bai-viet/truong-dh-cong-nghe-thong-tin-ky-niem-20-nam-thanh-lap-don-nhan-co-truyen-thong-cua-ubnd-tphcm,2026-08-04,not-stated,public-page,markitdown-v1
uit-news-truong-dh-cong-nghe-thong-tin-tphcm-huong-toi-moi-truong-nghien-cuu-hien-dai,data/landing/news/truong-dh-cong-nghe-thong-tin-tphcm-huong-toi-moi-truong-nghien-cuu-hien-dai.md,Trường ĐH Công nghệ Thông tin TPHCM hướng tới môi trường nghiên cứu hiện đại,https://www.uit.edu.vn/bai-viet/truong-dh-cong-nghe-thong-tin-tphcm-huong-toi-moi-truong-nghien-cuu-hien-dai,2026-08-04,not-stated,public-page,markitdown-v1
uit-news-ts-phan-the-duy-kien-dinh-theo-duoi-an-toan-thong-tin-trong-ky-nguyen-ai,data/landing/news/ts-phan-the-duy-kien-dinh-theo-duoi-an-toan-thong-tin-trong-ky-nguyen-ai.md,TS. Phan Thế Duy: Kiên định theo đuổi an toàn thông tin trong kỷ nguyên AI,https://www.uit.edu.vn/bai-viet/ts-phan-the-duy-kien-dinh-theo-duoi-an-toan-thong-tin-trong-ky-nguyen-ai,2026-08-04,not-stated,public-page,markitdown-v1
uit-news-tu-ai-quantum-den-game-cach-uit-cung-doanh-nghiep-kien-tao-the-he-nhan-luc-cong-nghe-moi,data/landing/news/tu-ai-quantum-den-game-cach-uit-cung-doanh-nghiep-kien-tao-the-he-nhan-luc-cong-nghe-moi.md,"Từ AI, Quantum đến Game: Cách UIT cùng doanh nghiệp kiến tạo thế hệ nhân lực công nghệ mới",https://www.uit.edu.vn/bai-viet/tu-ai-quantum-den-game-cach-uit-cung-doanh-nghiep-kien-tao-the-he-nhan-luc-cong-nghe-moi,2026-08-04,not-stated,public-page,markitdown-v1
uit-news-tu-hao-tuoi-tre-uit-tai-hanh-trinh-ve-nguon-2026-tu-ngoi-phao-chin-thang-gieng-den-con-duong-cach-mang-cua-thanh-nien,data/landing/news/tu-hao-tuoi-tre-uit-tai-hanh-trinh-ve-nguon-2026-tu-ngoi-phao-chin-thang-gieng-den-con-duong-cach-mang-cua-thanh-nien.md,Tự hào Tuổi trẻ UIT tại hành trình về nguồn 2026: “Từ ngòi pháo Chín tháng Giêng đến con đường cách mạng của thanh niên”,https://www.uit.edu.vn/bai-viet/tu-hao-tuoi-tre-uit-tai-hanh-trinh-ve-nguon-2026-tu-ngoi-phao-chin-thang-gieng-den-con-duong-cach-mang-cua-thanh-nien,2026-08-04,not-stated,public-page,markitdown-v1
uit-news-tu-uit-den-singapore-va-indonesia-18-ngay-de-nhin-the-gioi-rong-hon,data/landing/news/tu-uit-den-singapore-va-indonesia-18-ngay-de-nhin-the-gioi-rong-hon.md,TỪ UIT ĐẾN SINGAPORE VÀ INDONESIA: 18 NGÀY ĐỂ NHÌN THẾ GIỚI RỘNG HƠN,https://www.uit.edu.vn/bai-viet/tu-uit-den-singapore-va-indonesia-18-ngay-de-nhin-the-gioi-rong-hon,2026-08-04,not-stated,public-page,markitdown-v1
uit-news-tuoi-tre-uit-chuc-mung-thanh-cong-dai-hoi-dai-bieu-toan-quoc-doan-tncs-ho-chi-minh-lan-thu-xiii,data/landing/news/tuoi-tre-uit-chuc-mung-thanh-cong-dai-hoi-dai-bieu-toan-quoc-doan-tncs-ho-chi-minh-lan-thu-xiii.md,Tuổi trẻ UIT chúc mừng thành công Đại hội đại biểu toàn quốc Đoàn TNCS Hồ Chí Minh lần thứ XIII,https://www.uit.edu.vn/bai-viet/tuoi-tre-uit-chuc-mung-thanh-cong-dai-hoi-dai-bieu-toan-quoc-doan-tncs-ho-chi-minh-lan-thu-xiii,2026-08-04,not-stated,public-page,markitdown-v1
uit-news-uit-aglo-bootcamp-2026-nang-tam-tu-duy-but-pha-gioi-han,data/landing/news/uit-aglo-bootcamp-2026-nang-tam-tu-duy-but-pha-gioi-han.md,UIT AGLO BOOTCAMP 2026: NÂNG TẦM TƯ DUY - BỨT PHÁ GIỚI HẠN,https://www.uit.edu.vn/bai-viet/uit-aglo-bootcamp-2026-nang-tam-tu-duy-but-pha-gioi-han,2026-08-04,not-stated,public-page,markitdown-v1
uit-news-uit-algo-bootcamp-2026-khep-lai-hanh-trinh-hoc-tap-day-thu-vi-cua-35-trai-sinh,data/landing/news/uit-algo-bootcamp-2026-khep-lai-hanh-trinh-hoc-tap-day-thu-vi-cua-35-trai-sinh.md,UIT Algo Bootcamp 2026: Khép lại hành trình học tập đầy thú vị của 35 trại sinh,https://www.uit.edu.vn/bai-viet/uit-algo-bootcamp-2026-khep-lai-hanh-trinh-hoc-tap-day-thu-vi-cua-35-trai-sinh,2026-08-04,not-stated,public-page,markitdown-v1
uit-news-uit-algo-bootcamp-2026-ky-huan-luyen-mua-he-chinh-thuc-khoi-dong-chao-don-35-tai-nang-tre-yeu-thich-thuat-toan,data/landing/news/uit-algo-bootcamp-2026-ky-huan-luyen-mua-he-chinh-thuc-khoi-dong-chao-don-35-tai-nang-tre-yeu-thich-thuat-toan.md,"UIT Algo Bootcamp 2026 - Kỳ huấn luyện mùa hè chính thức khởi động, chào đón 35 tài năng trẻ yêu thích thuật toán",https://www.uit.edu.vn/bai-viet/uit-algo-bootcamp-2026-ky-huan-luyen-mua-he-chinh-thuc-khoi-dong-chao-don-35-tai-nang-tre-yeu-thich-thuat-toan,2026-08-04,not-stated,public-page,markitdown-v1
uit-news-uit-chao-don-giao-su-fabien-ferrero-den-tham-va-lam-viec-thuc-day-hop-tac-nghien-cuu-va-doi-moi-sang-tao-quoc-te,data/landing/news/uit-chao-don-giao-su-fabien-ferrero-den-tham-va-lam-viec-thuc-day-hop-tac-nghien-cuu-va-doi-moi-sang-tao-quoc-te.md,UIT CHÀO ĐÓN GIÁO SƯ FABIEN FERRERO ĐẾN THĂM VÀ LÀM VIỆC - THÚC ĐẨY HỢP TÁC NGHIÊN CỨU VÀ ĐỔI MỚI SÁNG TẠO QUỐC TẾ,https://www.uit.edu.vn/bai-viet/uit-chao-don-giao-su-fabien-ferrero-den-tham-va-lam-viec-thuc-day-hop-tac-nghien-cuu-va-doi-moi-sang-tao-quoc-te,2026-08-04,not-stated,public-page,markitdown-v1
uit-news-uit-don-tiep-doan-cong-tac-truong-dai-hoc-bach-khoa-dai-hoc-da-nang-den-tham-quan-va-lam-viec,data/landing/news/uit-don-tiep-doan-cong-tac-truong-dai-hoc-bach-khoa-dai-hoc-da-nang-den-tham-quan-va-lam-viec.md,"UIT đón tiếp đoàn công tác Trường Đại học Bách khoa, Đại học Đà Nẵng đến tham quan và làm việc",https://www.uit.edu.vn/bai-viet/uit-don-tiep-doan-cong-tac-truong-dai-hoc-bach-khoa-dai-hoc-da-nang-den-tham-quan-va-lam-viec,2026-08-04,not-stated,public-page,markitdown-v1
uit-news-uit-don-tiep-gs-stefan-fischer-trong-khuon-kho-chuong-trinh-giao-su-thinh-giang-cua-dhqg-hcm,data/landing/news/uit-don-tiep-gs-stefan-fischer-trong-khuon-kho-chuong-trinh-giao-su-thinh-giang-cua-dhqg-hcm.md,UIT đón tiếp GS. Stefan Fischer trong khuôn khổ chương trình Giáo sư thỉnh giảng của ĐHQG-HCM,https://www.uit.edu.vn/bai-viet/uit-don-tiep-gs-stefan-fischer-trong-khuon-kho-chuong-trinh-giao-su-thinh-giang-cua-dhqg-hcm,2026-08-04,not-stated,public-page,markitdown-v1
uit-news-uit-dong-hanh-cung-ngay-hoi-tu-van-tuyen-sinh-huong-nghiep-2026-bao-tuoi-tre,data/landing/news/uit-dong-hanh-cung-ngay-hoi-tu-van-tuyen-sinh-huong-nghiep-2026-bao-tuoi-tre.md,UIT đồng hành cùng Ngày hội Tư vấn Tuyển sinh - Hướng nghiệp 2026 Báo Tuổi trẻ,https://www.uit.edu.vn/bai-viet/uit-dong-hanh-cung-ngay-hoi-tu-van-tuyen-sinh-huong-nghiep-2026-bao-tuoi-tre,2026-08-04,not-stated,public-page,markitdown-v1
uit-news-uit-job-fair-2026-mo-rong-co-hoi-viec-lam-va-thuc-tap-cho-sinh-vien-it,data/landing/news/uit-job-fair-2026-mo-rong-co-hoi-viec-lam-va-thuc-tap-cho-sinh-vien-it.md,UIT Job Fair 2026 - Mở rộng cơ hội việc làm và thực tập cho sinh viên IT,https://www.uit.edu.vn/bai-viet/uit-job-fair-2026-mo-rong-co-hoi-viec-lam-va-thuc-tap-cho-sinh-vien-it,2026-08-04,not-stated,public-page,markitdown-v1
uit-news-uit-job-fair-ngay-hoi-viec-lam-hot-nhat-thang-5-da-chinh-thuc-tro-lai,data/landing/news/uit-job-fair-ngay-hoi-viec-lam-hot-nhat-thang-5-da-chinh-thuc-tro-lai.md,UIT Job Fair - Ngày hội việc làm “hot” nhất tháng 5 đã chính thức trở lại,https://www.uit.edu.vn/bai-viet/uit-job-fair-ngay-hoi-viec-lam-hot-nhat-thang-5-da-chinh-thuc-tro-lai,2026-08-04,not-stated,public-page,markitdown-v1
uit-news-uit-ket-noi-2026-livestream-tu-van-tuyen-sinh-truoc-gio-g-chon-nguyen-vong,data/landing/news/uit-ket-noi-2026-livestream-tu-van-tuyen-sinh-truoc-gio-g-chon-nguyen-vong.md,UIT Kết nối 2026: Livestream tư vấn tuyển sinh trước giờ G chọn nguyện vọng,https://www.uit.edu.vn/bai-viet/uit-ket-noi-2026-livestream-tu-van-tuyen-sinh-truoc-gio-g-chon-nguyen-vong,2026-08-04,not-stated,public-page,markitdown-v1
uit-news-uit-khang-dinh-vi-the-voi-12-chuong-trinh-da-dat-kiem-dinh-asiin,data/landing/news/uit-khang-dinh-vi-the-voi-12-chuong-trinh-da-dat-kiem-dinh-asiin.md,UIT KHẲNG ĐỊNH VỊ THẾ VỚI 12 CHƯƠNG TRÌNH ĐÃ ĐẠT KIỂM ĐỊNH ASIIN,https://www.uit.edu.vn/bai-viet/uit-khang-dinh-vi-the-voi-12-chuong-trinh-da-dat-kiem-dinh-asiin,2026-08-04,not-stated,public-page,markitdown-v1
uit-news-uit-mo-rong-ket-noi-hoc-thuat-trong-linh-vuc-ai-robot-va-nong-nghiep-thong-minh,data/landing/news/uit-mo-rong-ket-noi-hoc-thuat-trong-linh-vuc-ai-robot-va-nong-nghiep-thong-minh.md,"UIT mở rộng kết nối học thuật trong lĩnh vực AI, robot và nông nghiệp thông minh",https://www.uit.edu.vn/bai-viet/uit-mo-rong-ket-noi-hoc-thuat-trong-linh-vuc-ai-robot-va-nong-nghiep-thong-minh,2026-08-04,not-stated,public-page,markitdown-v1
uit-news-uit-open-day-giai-dap-thac-mac-truc-tiep-chuong-trinh-lien-ket-quoc-te-voi-dai-hoc-newcastle-uc,data/landing/news/uit-open-day-giai-dap-thac-mac-truc-tiep-chuong-trinh-lien-ket-quoc-te-voi-dai-hoc-newcastle-uc.md,UIT Open Day: Giải đáp thắc mắc trực tiếp chương trình liên kết quốc tế với Đại học Newcastle (Úc),https://www.uit.edu.vn/bai-viet/uit-open-day-giai-dap-thac-mac-truc-tiep-chuong-trinh-lien-ket-quoc-te-voi-dai-hoc-newcastle-uc,2026-08-04,not-stated,public-page,markitdown-v1
uit-news-uit-school-tour-2026-hanh-trinh-mang-kien-thuc-an-toan-thong-tin-den-gan-hon-voi-cac-ban-hoc-sinh-thpt-chuyen-luong-the-vinh,data/landing/news/uit-school-tour-2026-hanh-trinh-mang-kien-thuc-an-toan-thong-tin-den-gan-hon-voi-cac-ban-hoc-sinh-thpt-chuyen-luong-the-vinh.md,#UIT School Tour 2026 - Hành trình mang kiến thức An toàn Thông tin đến gần hơn với các bạn học sinh THPT chuyên Lương Thế Vinh,https://www.uit.edu.vn/bai-viet/uit-school-tour-2026-hanh-trinh-mang-kien-thuc-an-toan-thong-tin-den-gan-hon-voi-cac-ban-hoc-sinh-thpt-chuyen-luong-the-vinh,2026-08-04,not-stated,public-page,markitdown-v1
uit-news-uit-school-tour-2026-mang-cong-nghe-aiot-den-gan-hon-voi-hoc-sinh-truong-thpt-chuyen-huynh-man-dat-an-giang,data/landing/news/uit-school-tour-2026-mang-cong-nghe-aiot-den-gan-hon-voi-hoc-sinh-truong-thpt-chuyen-huynh-man-dat-an-giang.md,#UIT School Tour 2026 - Mang công nghệ AIoT đến gần hơn với học sinh trường THPT Chuyên Huỳnh Mẫn Đạt (An Giang),https://www.uit.edu.vn/bai-viet/uit-school-tour-2026-mang-cong-nghe-aiot-den-gan-hon-voi-hoc-sinh-truong-thpt-chuyen-huynh-man-dat-an-giang,2026-08-04,not-stated,public-page,markitdown-v1
uit-news-uit-tang-cuong-mo-rong-mang-luoi-doi-tac-quoc-te-phat-trien-nguon-nhan-luc-cong-nghe-chat-luong-cao,data/landing/news/uit-tang-cuong-mo-rong-mang-luoi-doi-tac-quoc-te-phat-trien-nguon-nhan-luc-cong-nghe-chat-luong-cao.md,UIT tăng cường mở rộng mạng lưới đối tác quốc tế - Phát triển nguồn nhân lực công nghệ chất lượng cao,https://www.uit.edu.vn/bai-viet/uit-tang-cuong-mo-rong-mang-luoi-doi-tac-quoc-te-phat-trien-nguon-nhan-luc-cong-nghe-chat-luong-cao,2026-08-04,not-stated,public-page,markitdown-v1
uit-news-uit-tham-gia-du-an-neotech-english-works-2026-nang-cao-nang-luc-tieng-anh-cho-sinh-vien-cong-nghe-trong-thoi-dai-so,data/landing/news/uit-tham-gia-du-an-neotech-english-works-2026-nang-cao-nang-luc-tieng-anh-cho-sinh-vien-cong-nghe-trong-thoi-dai-so.md,UIT tham gia Dự án NeoTECH English Works! 2026: Nâng cao năng lực tiếng Anh cho sinh viên công nghệ trong thời đại số,https://www.uit.edu.vn/bai-viet/uit-tham-gia-du-an-neotech-english-works-2026-nang-cao-nang-luc-tieng-anh-cho-sinh-vien-cong-nghe-trong-thoi-dai-so,2026-08-04,not-stated,public-page,markitdown-v1
uit-news-uit-tiep-tuc-khang-dinh-chat-luong-dao-tao-quoc-te-voi-05-chuong-trinh-dat-kiem-dinh-asiin,data/landing/news/uit-tiep-tuc-khang-dinh-chat-luong-dao-tao-quoc-te-voi-05-chuong-trinh-dat-kiem-dinh-asiin.md,UIT TIẾP TỤC KHẲNG ĐỊNH CHẤT LƯỢNG ĐÀO TẠO QUỐC TẾ VỚI 05 CHƯƠNG TRÌNH ĐẠT KIỂM ĐỊNH ASIIN,https://www.uit.edu.vn/bai-viet/uit-tiep-tuc-khang-dinh-chat-luong-dao-tao-quoc-te-voi-05-chuong-trinh-dat-kiem-dinh-asiin,2026-08-04,not-stated,public-page,markitdown-v1
uit-news-uit-to-chuc-lop-tap-huan-ung-dung-ai-danh-cho-chuyen-vien-nam-2026-nang-cao-nang-luc-so-toi-uu-hieu-qua-cong-viec,data/landing/news/uit-to-chuc-lop-tap-huan-ung-dung-ai-danh-cho-chuyen-vien-nam-2026-nang-cao-nang-luc-so-toi-uu-hieu-qua-cong-viec.md,"UIT tổ chức Lớp tập huấn “Ứng dụng AI dành cho Chuyên viên” năm 2026: Nâng cao năng lực số, tối ưu hiệu quả công việc",https://www.uit.edu.vn/bai-viet/uit-to-chuc-lop-tap-huan-ung-dung-ai-danh-cho-chuyen-vien-nam-2026-nang-cao-nang-luc-so-toi-uu-hieu-qua-cong-viec,2026-08-04,not-stated,public-page,markitdown-v1
uit-news-uit-toa-sang-tai-olympic-toan-sinh-vien-toan-quoc-2026,data/landing/news/uit-toa-sang-tai-olympic-toan-sinh-vien-toan-quoc-2026.md,UIT TỎA SÁNG TẠI OLYMPIC TOÁN SINH VIÊN TOÀN QUỐC 2026,https://www.uit.edu.vn/bai-viet/uit-toa-sang-tai-olympic-toan-sinh-vien-toan-quoc-2026,2026-08-04,not-stated,public-page,markitdown-v1
uit-news-uit-trao-doi-cung-chuyen-gia-ve-dinh-huong-dao-tao-nghien-cuu-va-phat-trien-nguon-nhan-luc-ai,data/landing/news/uit-trao-doi-cung-chuyen-gia-ve-dinh-huong-dao-tao-nghien-cuu-va-phat-trien-nguon-nhan-luc-ai.md,"UIT trao đổi cùng chuyên gia về định hướng đào tạo, nghiên cứu và phát triển nguồn nhân lực AI",https://www.uit.edu.vn/bai-viet/uit-trao-doi-cung-chuyen-gia-ve-dinh-huong-dao-tao-nghien-cuu-va-phat-trien-nguon-nhan-luc-ai,2026-08-04,not-stated,public-page,markitdown-v1
uit-news-uit-va-hpt-trao-doi-dinh-huong-hop-tac-tang-cuong-ket-noi-giua-nha-truong-va-doanh-nghiep-0,data/landing/news/uit-va-hpt-trao-doi-dinh-huong-hop-tac-tang-cuong-ket-noi-giua-nha-truong-va-doanh-nghiep-0.md,UIT và HPT trao đổi định hướng hợp tác tăng cường kết nối giữa Nhà trường và doanh nghiệp,https://www.uit.edu.vn/bai-viet/uit-va-hpt-trao-doi-dinh-huong-hop-tac-tang-cuong-ket-noi-giua-nha-truong-va-doanh-nghiep-0,2026-08-04,not-stated,public-page,markitdown-v1
uit-news-uit-va-n2n-ai-trao-doi-dinh-huong-hop-tac-thuc-day-nghien-cuu-va-thuong-mai-hoa-cong-nghe,data/landing/news/uit-va-n2n-ai-trao-doi-dinh-huong-hop-tac-thuc-day-nghien-cuu-va-thuong-mai-hoa-cong-nghe.md,UIT và N2N AI trao đổi định hướng hợp tác thúc đẩy nghiên cứu và thương mại hóa công nghệ,https://www.uit.edu.vn/bai-viet/uit-va-n2n-ai-trao-doi-dinh-huong-hop-tac-thuc-day-nghien-cuu-va-thuong-mai-hoa-cong-nghe,2026-08-04,not-stated,public-page,markitdown-v1
uit-news-uit-va-qaci-fpt-ky-ket-hop-tac-chien-luoc-phat-trien-cac-linh-vuc-cong-nghe-mui-nhon,data/landing/news/uit-va-qaci-fpt-ky-ket-hop-tac-chien-luoc-phat-trien-cac-linh-vuc-cong-nghe-mui-nhon.md,UIT và QACI - FPT ký kết hợp tác chiến lược phát triển các lĩnh vực công nghệ mũi nhọn,https://www.uit.edu.vn/bai-viet/uit-va-qaci-fpt-ky-ket-hop-tac-chien-luoc-phat-trien-cac-linh-vuc-cong-nghe-mui-nhon,2026-08-04,not-stated,public-page,markitdown-v1
uit-news-uit-va-vng-games-ky-ket-hop-tac-dong-dao-tao-game-mo-ra-huong-di-moi-cho-nguon-nhan-luc-chat-luong-cao,data/landing/news/uit-va-vng-games-ky-ket-hop-tac-dong-dao-tao-game-mo-ra-huong-di-moi-cho-nguon-nhan-luc-chat-luong-cao.md,UIT VÀ VNGGAMES KÝ KẾT HỢP TÁC ĐỒNG ĐÀO TẠO GAME: MỞ RA HƯỚNG ĐI MỚI CHO NGUỒN NHÂN LỰC CHẤT LƯỢNG CAO,https://www.uit.edu.vn/bai-viet/uit-va-vng-games-ky-ket-hop-tac-dong-dao-tao-game-mo-ra-huong-di-moi-cho-nguon-nhan-luc-chat-luong-cao,2026-08-04,not-stated,public-page,markitdown-v1
uit-news-uiters-tien-phong-chuyen-doi-so-cung-cai-dat-ung-dung-cong-dan-so-tphcm,data/landing/news/uiters-tien-phong-chuyen-doi-so-cung-cai-dat-ung-dung-cong-dan-so-tphcm.md,UITers tiên phong chuyển đổi số – Cùng cài đặt ứng dụng Công dân số TP.HCM,https://www.uit.edu.vn/bai-viet/uiters-tien-phong-chuyen-doi-so-cung-cai-dat-ung-dung-cong-dan-so-tphcm,2026-08-04,not-stated,public-page,markitdown-v1
uit-news-uitgoglobal-sinh-vien-uit-khep-lai-hanh-trinh-do-voi-dau-an-do-thi-thong-minh-va-hanh-trang-hoi-nhap-quoc-te,data/landing/news/uitgoglobal-sinh-vien-uit-khep-lai-hanh-trinh-do-voi-dau-an-do-thi-thong-minh-va-hanh-trang-hoi-nhap-quoc-te.md,#UITGoGlobal 🌏 Sinh viên UIT khép lại “Hành trình đỏ” với dấu ấn đô thị thông minh và hành trang hội nhập quốc tế,https://www.uit.edu.vn/bai-viet/uitgoglobal-sinh-vien-uit-khep-lai-hanh-trinh-do-voi-dau-an-do-thi-thong-minh-va-hanh-trang-hoi-nhap-quoc-te,2026-08-04,not-stated,public-page,markitdown-v1
uit-news-uitgoglobal-sinh-vien-uit-mo-rong-ket-noi-quoc-te-trong-ngay-3-hanh-trinh-do-tai-trung-quoc,data/landing/news/uitgoglobal-sinh-vien-uit-mo-rong-ket-noi-quoc-te-trong-ngay-3-hanh-trinh-do-tai-trung-quoc.md,#UITGoGlobal 🌏 Sinh viên UIT mở rộng kết nối quốc tế trong ngày 3 “Hành trình đỏ” tại Trung Quốc,https://www.uit.edu.vn/bai-viet/uitgoglobal-sinh-vien-uit-mo-rong-ket-noi-quoc-te-trong-ngay-3-hanh-trinh-do-tai-trung-quoc,2026-08-04,not-stated,public-page,markitdown-v1
uit-news-uitgoglobal-sinh-vien-uit-tiep-noi-hanh-trinh-do-tai-trung-quoc-dau-an-co-cung-nhip-song-hien-dai,data/landing/news/uitgoglobal-sinh-vien-uit-tiep-noi-hanh-trinh-do-tai-trung-quoc-dau-an-co-cung-nhip-song-hien-dai.md,#UITGoGlobal 🌏 Sinh viên UIT tiếp nối “Hành trình đỏ” tại Trung Quốc – Dấu ấn Cố Cung & nhịp sống hiện đại,https://www.uit.edu.vn/bai-viet/uitgoglobal-sinh-vien-uit-tiep-noi-hanh-trinh-do-tai-trung-quoc-dau-an-co-cung-nhip-song-hien-dai,2026-08-04,not-stated,public-page,markitdown-v1
uit-news-uitgoglobal-sinh-vien-uit-tiep-tuc-hanh-trinh-nghien-cuu-hoc-tap-do-tai-thach-gia-trang-mo-rong-tam-nhin-ket-noi-tri-thuc-toan-cau,data/landing/news/uitgoglobal-sinh-vien-uit-tiep-tuc-hanh-trinh-nghien-cuu-hoc-tap-do-tai-thach-gia-trang-mo-rong-tam-nhin-ket-noi-tri-thuc-toan-cau.md,"#UITGoGlobal 🌏 Sinh viên UIT tiếp tục “Hành trình nghiên cứu – học tập đỏ” tại Thạch Gia Trang: Mở rộng tầm nhìn, kết nối tri thức toàn cầu",https://www.uit.edu.vn/bai-viet/uitgoglobal-sinh-vien-uit-tiep-tuc-hanh-trinh-nghien-cuu-hoc-tap-do-tai-thach-gia-trang-mo-rong-tam-nhin-ket-noi-tri-thuc-toan-cau,2026-08-04,not-stated,public-page,markitdown-v1
uit-news-uitnotice-thong-bao-cai-tao-khuon-vien-va-san-the-thao-uit,data/landing/news/uitnotice-thong-bao-cai-tao-khuon-vien-va-san-the-thao-uit.md,#UITNotice 🏫 THÔNG BÁO CẢI TẠO KHUÔN VIÊN VÀ SÂN THỂ THAO UIT,https://www.uit.edu.vn/bai-viet/uitnotice-thong-bao-cai-tao-khuon-vien-va-san-the-thao-uit,2026-08-04,not-stated,public-page,markitdown-v1
uit-news-uni-tour-2026-hanh-trinh-trai-nghiem-cong-nghe-thong-tin-danh-cho-hoc-sinh-thpt,data/landing/news/uni-tour-2026-hanh-trinh-trai-nghiem-cong-nghe-thong-tin-danh-cho-hoc-sinh-thpt.md,UNI Tour 2026: Hành trình trải nghiệm Công nghệ Thông tin dành cho học sinh THPT,https://www.uit.edu.vn/bai-viet/uni-tour-2026-hanh-trinh-trai-nghiem-cong-nghe-thong-tin-danh-cho-hoc-sinh-thpt,2026-08-04,not-stated,public-page,markitdown-v1
uit-news-uni-tour-2026-mot-ngay-trai-nghiem-uit-cua-hoc-sinh-thpt-tu-vi-mach-den-tu-duy-giai-quyet-van-de,data/landing/news/uni-tour-2026-mot-ngay-trai-nghiem-uit-cua-hoc-sinh-thpt-tu-vi-mach-den-tu-duy-giai-quyet-van-de.md,Uni Tour 2026: Một ngày trải nghiệm UIT của học sinh THPT - Từ vi mạch đến tư duy giải quyết vấn đề,https://www.uit.edu.vn/bai-viet/uni-tour-2026-mot-ngay-trai-nghiem-uit-cua-hoc-sinh-thpt-tu-vi-mach-den-tu-duy-giai-quyet-van-de,2026-08-04,not-stated,public-page,markitdown-v1
uit-news-unitour-2026-hon-150-hoc-sinh-thpt-kham-pha-the-gioi-cong-nghe-cung-uit,data/landing/news/unitour-2026-hon-150-hoc-sinh-thpt-kham-pha-the-gioi-cong-nghe-cung-uit.md,UniTour 2026: Hơn 150 học sinh THPT khám phá thế giới công nghệ cùng UIT,https://www.uit.edu.vn/bai-viet/unitour-2026-hon-150-hoc-sinh-thpt-kham-pha-the-gioi-cong-nghe-cung-uit,2026-08-04,not-stated,public-page,markitdown-v1
uit-news-uon-x-uit-open-day-2026-tro-lai-dang-ky-mien-phi-trong-khuon-kho-chuong-trinh-uit-uni-tour-2026,data/landing/news/uon-x-uit-open-day-2026-tro-lai-dang-ky-mien-phi-trong-khuon-kho-chuong-trinh-uit-uni-tour-2026.md,"UoN x UIT Open Day 2026 trở lại, đăng ký miễn phí trong khuôn khổ Chương trình UIT Uni Tour 2026",https://www.uit.edu.vn/bai-viet/uon-x-uit-open-day-2026-tro-lai-dang-ky-mien-phi-trong-khuon-kho-chuong-trinh-uit-uni-tour-2026,2026-08-04,not-stated,public-page,markitdown-v1
uit-news-vinh-danh-sinh-vien-dat-hoc-bong-uit-advanced-scholarship-va-giai-thuong-uit-honors-challenge,data/landing/news/vinh-danh-sinh-vien-dat-hoc-bong-uit-advanced-scholarship-va-giai-thuong-uit-honors-challenge.md,Vinh danh sinh viên đạt Học bổng UIT Advanced Scholarship và Giải thưởng UIT Honors Challenge,https://www.uit.edu.vn/bai-viet/vinh-danh-sinh-vien-dat-hoc-bong-uit-advanced-scholarship-va-giai-thuong-uit-honors-challenge,2026-08-04,not-stated,public-page,markitdown-v1
